Date,Technology,Financials,Consumer_Discretionary,Communication_Services,Healthcare,Industrials,Consumer_Staples,Energy,Real_Estate,Materials,Utilities,Fixed Income,Cash
2024-08-27,15.566065211085448,11.33388089570399,8.266828979190665,7.327727337530569,10.0422839294156,5.461772138175601,6.783278666465817,4.353829193925013,2.893783198907184,2.132152182311091,1.371850090471053,23.889989813429764,0.5765583633882155
2024-08-28,15.425632613522946,11.4120698326036,8.21220509865541,7.3148111541170975,10.081468640030657,5.4770898481313095,6.786905423975671,4.342087317777277,2.8946577683375407,2.1282456368246194,1.377214251305773,23.96862198814774,0.5789904265703748
2024-08-29,15.363411205154318,11.486425488628745,8.223047958395194,7.284233761413014,10.105058999324925,5.505942275561466,6.743930724781057,4.392129681413976,2.8818255309264207,2.139053193497326,1.3822477853452928,23.91449544958791,0.5781979459703659
2024-08-30,15.426642490940582,11.525354081571015,8.275809924159216,7.2924814007116385,10.099489960157689,5.534388330394218,6.742063812853627,4.376550317854953,2.8916016293332683,2.1481576159575253,1.3842343647935291,23.728616341758872,0.5746097295138437
2024-09-02,15.426642490940582,11.525354081571015,8.275809924159216,7.2924814007116385,10.099489960157689,5.534388330394218,6.742063812853627,4.376550317854953,2.8916016293332683,2.1481576159575253,1.3842343647935291,23.728616341758872,0.5746097295138437
2024-09-03,14.946935204273954,11.565540562519526,8.242142467672183,7.248379558746053,10.195423212785377,5.464228860600857,6.8757952927926995,4.314690253040104,2.929227284793576,2.1212344909536056,1.4000941985272763,24.11391600370873,0.5823926095860676
2024-09-04,14.912867598129123,11.549297714817174,8.258610229400714,7.235761088597184,10.177766199266767,5.4588642595089265,6.897210943024416,4.25113601030128,2.937166263283432,2.1068259666967615,1.4109600410695733,24.221216197253106,0.5823174886515302
2024-09-05,14.912681693515076,11.473569792244637,8.36296332575355,7.29440975470763,10.070411969104848,5.412061698116414,6.8955281057518265,4.230926565674277,2.934118794937838,2.096598621145384,1.4102611541831238,24.322857834391332,0.5836106904740671
2024-09-06,14.720791306810375,11.42092888256521,8.250558297054564,7.201168136468378,10.133235502899158,5.415187209029573,6.949462837771852,4.2238672164393,2.964826694978924,2.0955284242355185,1.4141401136322016,24.620027812228802,0.5902775658861515
2024-09-09,14.808764780568909,11.48557616603221,8.2893128671603,7.1679831016877955,10.12766644205299,5.438584904047702,6.933873445776772,4.213154359701873,2.975657268509206,2.0963076463820745,1.4153489894783524,24.461876901569546,0.5858931270322564
2024-09-10,14.926634938610018,11.347578284562791,8.353894471677222,7.1599656959940114,10.147166113741592,5.4395348401740815,6.915112997465446,4.131721270822018,3.01221744665807,2.0931562932344145,1.4198844993671833,24.468505513304468,0.5846276343886877
2024-09-11,15.291633303201657,11.25941055935587,8.402159166388175,7.172063011491605,10.079967209546918,5.434646637727321,6.826738660682098,4.086357386404487,2.9935876614346624,2.090920253669708,1.4171737689142174,24.363194911278455,0.5821474699048295
2024-09-12,15.314688550663845,11.23636811315677,8.459778933993926,7.25626249957057,10.068930046360041,5.452874192949104,6.837583766079231,4.09793301626828,2.9877628525389004,2.1006197531108186,1.4111772609352888,24.197446565731866,0.578574448641374
2024-09-13,15.309364081839478,11.23626230010642,8.489114710077802,7.288786192364618,10.037238140557438,5.4831829528666205,6.8400751852059045,4.0975604330317585,3.0002237135650085,2.113294768895082,1.4232171511416905,24.106700666182128,0.5749797041660407
2024-09-16,15.162362962613846,11.332940621204841,8.442040004325998,7.3282731003668085,10.059640152806935,5.497286930835318,6.838790831233438,4.13728949113792,2.9989524671210464,2.1249672064177423,1.4294889796069314,24.075147520333086,0.5728197319960796
2024-09-17,15.14657073448513,11.390133416302689,8.496225595993527,7.352066948228164,9.966995600102212,5.5260065099177345,6.78791849269155,4.195326456143626,2.9764676883980545,2.1288206545616086,1.4278968952442552,24.033054482118406,0.5725165258130629
2024-09-18,15.110141274580563,11.396727805346755,8.499613551178749,7.365244579024198,9.970563862121553,5.535867422579484,6.7754375917281715,4.21012576202678,2.979431996766409,2.1262699756146928,1.4199304436190094,24.03685847121807,0.573787264195565
2024-09-19,15.392107912691163,11.422773336755235,8.605092301751895,7.369143973243215,9.916614864781515,5.580193120661647,6.671974382210366,4.208145850861042,2.9418915709007303,2.134427828695558,1.3948431565117618,23.79490388274632,0.5678878181895493
2024-09-20,15.360982919412056,11.393032858313084,8.591102955975764,7.383440184595658,9.886261500806057,5.567874599936435,6.712274457957358,4.209790526411235,2.938889989473758,2.12793413206979,1.4297860112591865,23.82978079951929,0.5688490642703296
2024-09-23,15.318083940243366,11.381358921909229,8.658655868552366,7.372821108873538,9.830237040329576,5.595845090694985,6.726750424906071,4.250657950471347,2.9598654026820834,2.1404512740233828,1.4402434807534459,23.757526708842285,0.5675027877183065
2024-09-24,15.423229326074587,11.256325216225461,8.711310317954533,7.416289512946291,9.78797392528397,5.620231790090115,6.694564578451915,4.230946965949585,2.958272733012418,2.1595010875589935,1.4257608903361785,23.749143210034372,0.5664504460815661
2024-09-25,15.506131246616375,11.229487860018281,8.707325407442974,7.433942521711963,9.733072860627653,5.610264039139304,6.720106177328209,4.164248303621795,2.9522095571589624,2.1561722500291243,1.4389533386559925,23.779154485043687,0.5689319526056646
2024-09-26,15.645751197303525,11.254393764136315,8.714674378319248,7.437235154048806,9.741212443729372,5.620585559599631,6.711761185644037,4.066833349640439,2.9154685017690634,2.1876166465275912,1.425245296981768,23.71195346397269,0.5672690583275105
2024-09-27,15.501931208976497,11.281696059949905,8.721286713100772,7.475140571837545,9.720964715481307,5.620339017952141,6.699071838334297,4.147935438004345,2.9128696255612785,2.178132088282086,1.4368873783709002,23.73742624244199,0.5663191017069147
2024-09-30,15.514906055137633,11.293362816555467,8.684229583870367,7.486293913696238,9.770081138346269,5.642629717118073,6.698671901727536,4.166771232786399,2.9305910611670614,2.163928097661392,1.439093107372851,23.644185048186138,0.5652563263745655
2024-10-01,15.19572779751468,11.26888034928213,8.684300804746648,7.525685610817921,9.752589621004697,5.66357847297858,6.712976043613753,4.27700345859245,2.925926850711888,2.165407430441004,1.4565397990311277,23.803477178804474,0.5679065824606347
2024-10-02,15.298396142049004,11.285577983570146,8.61524889518361,7.51874080055015,9.750773794748024,5.670416946302737,6.6578326106863495,4.327391459707473,2.9185794403870235,2.1594482437341815,1.4576271276736206,23.771621029063926,0.568345526343752
2024-10-03,15.412191423843124,11.27969968451148,8.54398047418956,7.544364631275731,9.68852074135027,5.652878448230184,6.619815231977865,4.417474405627933,2.9014688697145727,2.1430401621667614,1.4607484706889446,23.765531436553854,0.5702860198697419
2024-10-04,15.514912849590534,11.416418386121684,8.629123040668208,7.569683258039599,9.647815016349268,5.673766890023708,6.606636394638501,4.433565988329299,2.8667865101027794,2.137228719684225,1.448785740562844,23.488267893792752,0.5670093120965837
2024-10-07,15.518802692998811,11.368090481624488,8.531048794406635,7.5127359048234545,9.669473455152296,5.7140977911175135,6.595186154451239,4.485679836346038,2.864511517812249,2.1467086789187673,1.4261098081203532,23.596309111874934,0.5712457723532249
2024-10-08,15.729495584497382,11.350889577418947,8.563036122636646,7.545901817838185,9.669860501319734,5.697918727133985,6.602619185592003,4.351122580280569,2.8573364503448184,2.1358132221844444,1.4203319713627391,23.50705968953428,0.568614569856267
2024-10-09,15.826335779228549,11.400925844724847,8.57149557539308,7.515828142190949,9.706767573271295,5.718049217203271,6.612568734865046,4.347939295845552,2.8446820070234526,2.1398976830636793,1.4034985495208716,23.34610663723015,0.5659049604392657
2024-10-10,15.867057668485074,11.392863504077635,8.569484790794073,7.480960625342783,9.692237735541056,5.686890778721254,6.593525029442842,4.388528780246963,2.8234553889873593,2.1451920983406225,1.403494302945415,23.38946203555165,0.5668472615232489
2024-10-11,15.810044673384246,11.551307319703119,8.497629496869209,7.488110221297519,9.709902875008773,5.76430760697177,6.586763678408141,4.389817083971499,2.8355840703681747,2.1502516058218775,1.4071096177634552,23.24606016459049,0.5631115858417274
2024-10-14,15.929322761864148,11.580207392541087,8.471134605156047,7.493542819233413,9.723078020225826,5.771674098944142,6.581202918788523,4.357029167806557,2.8401452461649006,2.1528389526789393,1.4173726415854049,23.12201158404542,0.5604397909655879
2024-10-15,15.699473762678707,11.640784143782781,8.516294077875974,7.533123708836582,9.667503591290503,5.749197455147841,6.645498632377134,4.235963991785854,2.8886998781628233,2.163974515119104,1.4309366034559723,23.26616074040358,0.562388899083142
2024-10-16,15.6863308027667,11.736942852790232,8.514458789835636,7.486414523007199,9.661838504557378,5.789543055817335,6.6106952658325415,4.241925873523123,2.903252726314223,2.171280889863961,1.4524186089349833,23.185035671984885,0.5598624347718095
2024-10-17,15.75964244631192,11.789851803574274,8.522752301074858,7.474809012848582,9.616933119919917,5.780986670766329,6.592919292413617,4.267894452786301,2.8824214475875585,2.174851536006313,1.4425343865358435,23.133887268155824,0.5605162620186775
2024-10-18,15.78174507584402,11.747178137279676,8.543090857092608,7.507836394886783,9.660757806333844,5.774026462172364,6.584390314570325,4.2375010469156775,2.896080058973434,2.173452103620673,1.4451041129557427,23.089888372158235,0.5589492571966216
2024-10-21,15.960881060501327,11.686599023114587,8.51422031241678,7.515120663600712,9.60205169170326,5.790410205431863,6.564192228368243,4.250717776334948,2.8546018452789097,2.164402916491489,1.4470550000302496,23.087733441450705,0.562013835276923
2024-10-22,15.978686432154818,11.693009727526713,8.492317831278143,7.5204686477330025,9.600228269283518,5.709357151823933,6.627934673330979,4.2622315372824024,2.8627134309555267,2.1349060263963104,1.444935151894037,23.110387565244444,0.5628235550961808
2024-10-23,15.823334480797882,11.738256541709275,8.400764391249805,7.508939931779318,9.599381351973951,5.714929030519906,6.658242078032242,4.267112117600212,2.904609522181801,2.1400715997290836,1.4661163534009658,23.211870553637567,0.566372047387997
2024-10-24,15.83160286870567,11.72766000190002,8.629836022786543,7.516143534188796,9.517181148201677,5.6738535568732535,6.611138317200646,4.256909240726024,2.902906443793367,2.119900117709978,1.452201972673352,23.195690165796115,0.5649766094445664
2024-10-25,15.93204678425196,11.628889933653122,8.692519093853804,7.565580497320651,9.46759268529314,5.67036278014953,6.581843050861616,4.268024140439609,2.8788220063164016,2.1118585874946283,1.4339628554236312,23.20263071103396,0.5658668739079671
2024-10-28,15.916048273580174,11.749971146192868,8.692173929783104,7.595480688656309,9.468606188315944,5.67682898912614,6.567224453826357,4.224126399310702,2.877116775619725,2.1243615580572546,1.4389474039125816,23.10514752437595,0.5639666692429024
2024-10-29,16.093544274986304,11.683774640502104,8.669487053349364,7.68157186759602,9.46193660931473,5.671167666160452,6.508356067340361,4.169092075404562,2.8502359284130607,2.112840012450758,1.410354448070376,23.123531252416203,0.5641081039956973
2024-10-30,15.89999890162683,11.778146903395214,8.678618516858798,7.742353153506334,9.481013328864499,5.6678890509184985,6.495644285335292,4.180243581707881,2.8650478211115176,2.117793599632317,1.4082783283737954,23.120350993681107,0.5646215349879258
2024-10-31,15.566899259568181,11.742323154761719,8.621751020904084,7.731805483542901,9.496474038900168,5.668681450913006,6.5609004854659965,4.252113085647266,2.8544640478318115,2.1046774602094453,1.4390573308678796,23.389301428078614,0.571551753308919
2024-11-01,15.611873720833236,11.70565847809303,8.791052217563292,7.724594474400518,9.563785473717017,5.694299769206779,6.55016169871341,4.212986914857939,2.815336526610767,2.0990167205992027,1.4033834682865198,23.25785726311896,0.5699932739993391
2024-11-04,15.59335928278963,11.637923229101224,8.755874752035618,7.675466380398623,9.517765209691332,5.684411841265543,6.572710766581556,4.289616913340731,2.844964714511109,2.1200358557841565,1.3903689529212555,23.347462899431633,0.5700392021475905
2024-11-05,15.652937509486792,11.665741349777422,8.830193631840316,7.691671843028197,9.503271650510904,5.747607189482216,6.562996772481471,4.275149299453265,2.853383922307098,2.1078888489817014,1.3976505647236104,23.14706612749017,0.5644412904368431
2024-11-06,15.786565823532545,12.241884705815595,8.978994330316837,7.721833935068265,9.345935105376276,5.906635802492268,6.355828095975802,4.360073801431158,2.727969088602006,2.1046712345266703,1.3606305132172016,22.55541503766977,0.5535625259756183
2024-11-07,16.028228261307436,11.975390941389914,9.045257077865793,7.798430207833595,9.339288432094413,5.843475704913262,6.341896765022128,4.3267685309319655,2.7293204541347764,2.1025564599999416,1.3510699179350578,22.567505497162944,0.5508117494087749
2024-11-08,15.924242565475286,12.010525694205004,9.111681151482824,7.711396180283541,9.39387627284755,5.882055256032825,6.394910311205612,4.327167822305364,2.7594323994570473,2.08138320830047,1.369873130130686,22.485179453466667,0.5482765548071258
2024-11-11,15.80152901237682,12.187094799620981,9.228523226193262,7.734894238328144,9.318441471780458,5.91824681677202,6.354785378797587,4.3456399989030094,2.735785021453662,2.0707473326936365,1.3712051543830344,22.38633822030383,0.5467693283935773
2024-11-12,15.909562117262007,12.193362623611891,9.171940309914936,7.787779420093342,9.260290021050684,5.880132061274541,6.3873040111350585,4.3397873373568565,2.712242528180514,2.0539317746525354,1.363125328854334,22.391147464852132,0.5493950017611605
2024-11-13,15.864375256544818,12.171898106243413,9.271953889861589,7.751328112086897,9.226055540760013,5.867643037746893,6.396616204398521,4.366863913426114,2.726773389823457,2.0571719991362016,1.360592419931642,22.389098482482297,0.5496296475581415
2024-11-14,15.916954689749065,12.19986503444894,9.17650300711708,7.75314444356551,9.143678325623648,5.787186728324849,6.415489025071673,4.411938958585005,2.717822973849402,2.0587710778781463,1.362955255744956,22.50291103926275,0.5527794407789814
2024-11-15,15.675596623169891,12.363502117289714,9.131164495413103,7.6558929991496285,9.082774081539,5.778038199902799,6.4094824220726805,4.428959218129983,2.746643897740943,2.0555191958878094,1.3955018455350316,22.719331741797234,0.5575931623721928
2024-11-18,15.66109094548693,12.341452544954343,9.170416922722453,7.683378155290031,9.062442328178703,5.769977146173452,6.4277435656816095,4.461904523879498,2.756129077440557,2.049160778902547,1.4025951250639166,22.658231241054917,0.5554776451710413
2024-11-19,15.79118899489384,12.266104367366898,9.1862558596701,7.710059961953737,9.021184321691718,5.780633681098212,6.429028025209591,4.427245505783272,2.7638135294407,2.035329765310399,1.4064728360802767,22.628746753666956,0.5539363978342846
2024-11-20,15.813570805570107,12.20968139310403,9.14653519959983,7.755695355683423,9.064348677570413,5.743884720339956,6.424486896035411,4.483672686006981,2.7589814175231218,2.0428954161571937,1.4076060703307307,22.594759214851486,0.5538821472273218
2024-11-21,15.85192129000427,12.297783926543561,9.057892059431087,7.660534376961166,9.171070600044109,5.79595450342742,6.443409876526288,4.499113701811947,2.76150705701904,2.0611052450876812,1.4212426964645064,22.428298565065568,0.5501661016133691
2024-11-22,15.813941042092615,12.405533595026009,9.14747162698866,7.620066094180597,9.056236481424726,5.847504632946399,6.487280097999337,4.493785712248786,2.7684472502061452,2.0677457035386126,1.4099750988435527,22.334198349351304,0.547814315153251
2024-11-25,15.782182405328488,12.505851810929563,9.250748907843938,7.615582643322512,8.79969603347965,5.878353466927146,6.50419349582152,4.393806945661948,2.7959749890195686,2.0923299796385804,1.409894893481735,22.42508626441811,0.5462981641272627
2024-11-26,15.821390641997304,12.483157848342387,9.278872300604187,7.638818615384565,8.828229380996087,5.861853003015988,6.518855034919367,4.373011786664546,2.799681259665885,2.075627976890582,1.425751692144648,22.34985234534303,0.5448981140314325
2024-11-27,15.670615348944786,12.516773359889058,9.235154741903365,7.66236038902927,8.876922134337265,5.829706647213027,6.532120160488125,4.377471681463366,2.821169048735075,2.071365936195772,1.4278735824983895,22.433057011907724,0.545409957394768
2024-11-28,15.670615348944786,12.516773359889058,9.235154741903365,7.66236038902927,8.876922134337265,5.829706647213027,6.532120160488125,4.377471681463366,2.821169048735075,2.071365936195772,1.4278735824983895,22.433057011907724,0.545409957394768
2024-11-29,15.734110795667396,12.477175284048174,9.285875197244309,7.661628933522192,8.866887159042914,5.839458109931452,6.525479132357686,4.373689976883885,2.7949877055891377,2.0753766583003226,1.421610874433958,22.400942263425154,0.5427779095534235
2024-12-02,15.883864502164755,12.347428741607377,9.372257549565239,7.755304123077266,8.834980157107802,5.799371239785412,6.517215281806808,4.33479687288479,2.75442427800109,2.069076184939876,1.393256178962897,22.395386002375776,0.5426388877209165
2024-12-03,15.98223825946327,12.283749368174549,9.377717824888657,7.849555801415923,8.812630552891134,5.762671607772104,6.486438458869638,4.337867444949216,2.7409324846066414,2.0659048305839716,1.3823604995292387,22.375078814012774,0.5428540528428712
2024-12-04,16.22768059051609,12.211082544201641,9.444748462156115,7.846560625579964,8.775906439403935,5.786239220663311,6.4516013773889505,4.220587666868491,2.7250455564640625,2.049196389790377,1.3742676410631631,22.346246143474524,0.5408373424293602
2024-12-05,16.190174689205104,12.237241892866233,9.521109066125234,7.845402510098987,8.68611541367979,5.72029564931028,6.485512135127379,4.240622956129222,2.725308511717137,2.0263487437065306,1.3805851041819879,22.399486066834555,0.5417972610175626
2024-12-06,16.217234555488837,12.237164695131195,9.69294635111405,7.931419103515131,8.645337092887019,5.687925037116583,6.435663049178593,4.148425408639791,2.7129235739219317,2.014025198281184,1.3604043182437409,22.37627283265881,0.5402587838231333
2024-12-09,16.20702888973095,12.131536764821172,9.717747498683226,7.837717390926326,8.699465896097504,5.667788124588675,6.44562393621027,4.1682181618071725,2.7397180972577506,2.0128002962656826,1.353568499824932,22.475099870150945,0.5436865736354077
2024-12-10,16.058122000722886,12.151790079930032,9.74587767819896,7.95798420526463,8.696886246600915,5.638464413034221,6.499448395101698,4.15902340315765,2.7025286688110635,1.9892138777517383,1.3482273134330665,22.507210304025328,0.5452234139678168
2024-12-11,16.20796264825724,12.158467392407195,9.87284168096616,8.07995085770819,8.55266715851112,5.63030117233722,6.426912640102449,4.164431334212014,2.682961495634494,1.9792421636918724,1.3336855365146867,22.36783142241569,0.5427444972416723
2024-12-12,16.237635188706744,12.146524709395992,9.829018345346654,8.08640733388928,8.516921293044323,5.591204481003117,6.473065367276955,4.156422114736488,2.6899350241502744,1.9783325508214746,1.337064816998998,22.412079841857942,0.54538893277176
2024-12-13,16.316032377469796,12.13425368046216,9.881809059094213,8.014316068482065,8.523691165512936,5.58380907569886,6.475747212071981,4.135638923350444,2.6889097713013865,1.965258387174381,1.3397603353791536,22.394342725998595,0.5464312180040239
2024-12-16,16.479933905849624,12.129377227317656,10.01812536524856,8.044379050945844,8.433881492802266,5.5699076888808,6.440304888240784,4.044740302015149,2.6684773536959883,1.9455538225414848,1.3269505506229333,22.3531635306661,0.5452048211728013
2024-12-17,16.474257504440935,12.054616737707835,10.067979289626239,8.02167596120522,8.458711552289406,5.526982525059316,6.445514121823917,4.028789558699313,2.66793409632816,1.93601894941065,1.3275653171634312,22.442436747270484,0.5475176389750881
2024-12-18,16.338725335285112,11.937518705274076,9.837321555504575,7.998338212366672,8.520785957286504,5.502596520313186,6.512281982220866,4.020766704526838,2.628802211754374,1.9145506522940166,1.3300364458977014,22.896024280753615,0.5622514365224726
2024-12-19,16.396753125989218,12.005895791326955,9.842243059042865,8.003852002972266,8.478313183325595,5.513746219254521,6.485314082446012,3.9919639035332932,2.5897546630095882,1.8899544006318425,1.340238442020029,22.898588795373552,0.5633823310742523
2024-12-20,16.496821727026862,12.066949797915054,9.820487115742914,7.9629562438955634,8.522545476503199,5.527934975914966,6.435281826982889,3.9966381686473667,2.6136259855428867,1.8860239042717677,1.347467949876551,22.764524817410525,0.5587420102694496
2024-12-23,16.591892032249252,12.066985886166504,9.810796389722283,8.01803435797491,8.57368018254975,5.499131489854781,6.380635717155989,4.005238703337528,2.6166133973573316,1.8837212454860297,1.3487911299522273,22.647282786029308,0.5571966821641052
2024-12-24,16.62568851862522,12.119724429277333,9.948845167420783,8.037862420114873,8.53596832925922,5.491364190504696,6.375739612688763,4.003375808165704,2.610041481100746,1.8811213737857109,1.343640902824699,22.47423646488742,0.5523913013448426
2024-12-25,16.62568851862522,12.119724429277333,9.948845167420783,8.037862420114873,8.53596832925922,5.491364190504696,6.375739612688763,4.003375808165704,2.610041481100746,1.8811213737857109,1.343640902824699,22.47423646488742,0.5523913013448426
2024-12-26,16.639732108268916,12.137888056369738,9.908994976211535,8.014116777332655,8.553955080178188,5.493108738584114,6.389847124328055,3.9986718438410556,2.6128902774181983,1.8823419108304404,1.3395545363895227,22.476826089850157,0.5520724803974227
2024-12-27,16.521365702593982,12.140336833626552,9.808269826197796,7.988307842944329,8.57389342397392,5.498882341218091,6.413325697608729,4.031923652718447,2.6101292799989126,1.8819184188403528,1.347426568048338,22.627536020845646,0.556684391384899
2024-12-30,16.440476036592024,12.106016294485258,9.744892088946921,7.974138600709958,8.529543080286818,5.487812676700973,6.378487909205738,4.073205409794718,2.6193751343855864,1.8664240670097891,1.3521324756826256,22.866603076536244,0.5608931496633592
2024-12-31,16.30328401470309,12.11890613922744,9.657901952551951,7.928959780533887,8.548723010022101,5.478162603889217,6.397611430770792,4.128923084591067,2.6453798788176197,1.8652206915551712,1.3520412384927982,23.01350156156383,0.561384613281031
2025-01-01,16.30328401470309,12.11890613922744,9.657901952551951,7.928959780533887,8.548723010022101,5.478162603889217,6.397611430770792,4.128923084591067,2.6453798788176197,1.8652206915551712,1.3520412384927982,23.01350156156383,0.561384613281031
2025-01-02,16.29280634380085,12.126788374836742,9.59193636267667,7.99925303092186,8.584009944168548,5.484752521637143,6.38956521376266,4.188374720332896,2.627417947055868,1.8627642022051594,1.3639199620645694,22.92563596434712,0.5627754121899265
2025-01-03,16.411826146464982,12.127649908670001,9.71316609027327,7.984988581766049,8.588548905641694,5.513876504577019,6.3361678049305565,4.191602552321422,2.636606290074036,1.876493283476591,1.364841711238432,22.696654879868667,0.5575773406972758
2025-01-06,16.561515557582965,12.074665336340779,9.743188192841748,8.093615742744065,8.56820330984194,5.508175483260741,6.243419607471364,4.169074432728713,2.596891969436574,1.907154625760547,1.3465001516782937,22.631494712913415,0.5561008773988488
2025-01-07,16.340182553311607,12.113345406499846,9.614917365052781,8.059107191571815,8.66233592501268,5.519356647702059,6.273412468121646,4.24426410359585,2.5928707106335933,1.9119651979359582,1.3540685372212533,22.75359619745537,0.560577695885555
2025-01-08,16.307814824083465,12.1150823639582,9.623835308248783,8.010789113500252,8.71271273930931,5.520036131058255,6.295350637309287,4.240406549785709,2.598083179364345,1.9093296052956183,1.3552652608735418,22.75114011189551,0.5601541753177273
2025-01-09,16.307814824083465,12.1150823639582,9.623835308248783,8.010789113500252,8.71271273930931,5.520036131058255,6.295350637309287,4.240406549785709,2.598083179364345,1.9093296052956183,1.3552652608735418,22.75114011189551,0.5601541753177273
2025-01-10,16.176268060943496,11.943174690634262,9.663663227640916,7.990117578101259,8.768819352345163,5.51988246560358,6.28824774661874,4.3082774134666755,2.567502483254594,1.9147716350987922,1.3608880429863954,22.931161110173644,0.5672261931324408
2025-01-13,15.989617021698896,12.00025352367236,9.67088933443168,7.947331226961713,8.828617298264978,5.575499417444696,6.28423233810128,4.396051460781206,2.5954227776033045,1.9373289179537363,1.3447497687228287,22.864037259325816,0.5659696550375036
2025-01-14,15.97692064653906,12.153647440154012,9.635071584243219,7.863420953461077,8.72408599489048,5.647486933280475,6.274833294179351,4.430291343186941,2.6126733742805306,1.9537927202854113,1.3586438691781797,22.80479251282518,0.5643393334960987
2025-01-15,16.080925588820357,12.301741804519427,9.767209700640905,7.926831860964486,8.641646267370282,5.618460675290122,6.167320203488049,4.424139390636702,2.5863961233472352,1.9665584851591427,1.3566110088882608,22.606426563439847,0.5557323274351917
2025-01-16,15.89745774776336,12.345266056720385,9.684111510339058,7.8588203188811505,8.698743013691596,5.6771924657996635,6.203630987129738,4.448792468665744,2.6429373170400465,1.987974390211018,1.3867408899040325,22.613400306253826,0.5549325276003734
2025-01-17,16.016703888170294,12.371437160076873,9.767038140766807,7.893176310102762,8.601232596004182,5.6827509714382884,6.208780450052578,4.45163148429209,2.625506375667515,1.98019579189691,1.380374649914096,22.469703433996354,0.5514687476212208
2025-01-20,16.016703888170294,12.371437160076873,9.767038140766807,7.893176310102762,8.601232596004182,5.6827509714382884,6.208780450052578,4.45163148429209,2.625506375667515,1.98019579189691,1.380374649914096,22.469703433996354,0.5514687476212208
2025-01-21,15.965859686370424,12.393723311007875,9.797405115361522,7.891955577286771,8.687653719538229,5.786750010365651,6.187065162735609,4.388436848182238,2.645303548146941,1.9899340321260661,1.3871781516678516,22.33230325551826,0.5464315816925633
2025-01-22,16.255170544586942,12.359263713916361,9.75586598012044,7.996303738968804,8.643930666224824,5.78591993905407,6.159913904032716,4.300235919505654,2.592199623866837,1.9810433954230262,1.3567798052931224,22.26780936088182,0.5455634081253967
2025-01-23,16.206962068695677,12.376373473654006,9.758932972797966,8.055184924132302,8.705371921954114,5.806707462366217,6.167578344678202,4.294226750785971,2.5985830271463497,1.9811200973545384,1.3556892090452384,22.150031412430895,0.5432383349585166
2025-01-24,16.076292791938144,12.40279000170077,9.720183127796458,8.128778827148423,8.725992717170843,5.78204803375065,6.1925617879968415,4.261558363094879,2.607925300101648,1.986804347781571,1.36945458230859,22.20198038499505,0.5436297342161559
2025-01-27,15.433190702664575,12.524906515033377,9.788224720927156,8.16460085775685,8.927661872851395,5.655630357330418,6.381560934385318,4.212116193449746,2.6605366785228055,1.9910994681247285,1.349725828332794,22.365218324642292,0.5455275459785501
2025-01-28,15.874620724541085,12.48911639623011,9.797862863642402,8.204484919502528,8.848147655600638,5.5968458812316,6.266091820508233,4.164637452711701,2.617013217051413,1.971619067809811,1.3278179198628872,22.297720404487784,0.5440216768198164
2025-01-29,15.757571052394011,12.527922786394289,9.767018683383967,8.277361379999222,8.81713231341545,5.61231445889173,6.297736157869525,4.180185544121116,2.5872524496371163,1.9675395987725188,1.3329439284655549,22.32965460438246,0.5453670422730407
2025-01-30,15.649099333685346,12.587138583852292,9.771907111435397,8.274691362067447,8.849126348797808,5.6064270964813625,6.3293491563550655,4.18853304540601,2.604142492613554,1.994981212789563,1.3523096777142438,22.249816200619804,0.542478378182101
2025-01-31,15.618843472467226,12.555057699789963,9.807512039543962,8.325483423998957,8.866561666125353,5.587764774816743,6.308786808279758,4.121069532968966,2.6105033357867238,1.9915300176331499,1.3501425992417322,22.312054550074496,0.5446900792729746
2025-02-03,15.440852316099859,12.513152948281023,9.707535231587746,8.38262903504878,8.926514912133623,5.549504754243971,6.3684163792482735,4.163055734517219,2.6179471347645027,2.0037504351978335,1.364534405881806,22.415091866318207,0.5470148466771644
2025-02-04,15.564519089244278,12.421498018050215,9.807761208870003,8.44132601199436,8.868063322849066,5.514483395148305,6.289671876307139,4.226801793823041,2.60266315751642,2.028328809313206,1.3457776053436394,22.344985432785073,0.544120278755247
2025-02-05,15.700420879387842,12.496034001211944,9.632743052386186,8.314900918554095,8.934223498956392,5.511666544801157,6.311929494968097,4.2219313424901985,2.626878947034224,2.0175175041542404,1.3538569435170542,22.33607935209258,0.541817520445965
2025-02-06,15.737336166147859,12.564089343924648,9.658047850112492,8.338643283044938,8.842689741050265,5.534271989948969,6.347405597865845,4.129329770628335,2.629892062355031,2.0364252045635727,1.3521106710592505,22.288784758440883,0.5409735608579082
2025-02-07,15.708805511974521,12.594059570078542,9.48249998412276,8.37121290177837,8.83428829011779,5.54045772718634,6.369144705992265,4.150003102786908,2.6394983218150165,2.025268353112163,1.3575295176981175,22.382471876561315,0.5447601367759012
2025-02-10,15.83403140581343,12.437136480849025,9.496359414948587,8.405845787235277,8.793348717999999,5.550621383647436,6.3783049872904884,4.230039123997439,2.6290435724085537,2.0379914447607623,1.366562635875352,22.297932187188376,0.5427828579852803
2025-02-11,15.845997428707994,12.462538104488626,9.403708272081625,8.403940407030053,8.770267715907078,5.5387038586852,6.4426162531798195,4.257210785216051,2.6448423222316295,2.0300834870359443,1.3745882389487478,22.282480355734744,0.5430227707524827
2025-02-12,15.914538835684922,12.438712346479011,9.402583274452851,8.460296844729172,8.786428704824216,5.502061819213684,6.475677531901828,4.173006383401299,2.629658078373835,2.0130349195382062,1.378333030618865,22.280523796628255,0.5451444341538534
2025-02-13,16.03240697312073,12.427644483962684,9.47483700643962,8.450816605671866,8.755554860454668,5.458222763595345,6.48043836084253,4.158805674657469,2.633372015251185,2.023397475858705,1.3665802883173268,22.197485916647988,0.5404375751798586
2025-02-14,16.098733998036888,12.472017349578675,9.460047703685479,8.5059835245908,8.671963701627892,5.450162968791751,6.390469262021388,4.174932890741593,2.6197613883158373,2.0067258525812526,1.3590083196432239,22.249984342949528,0.5402086974356727
2025-02-17,16.098733998036888,12.472017349578675,9.460047703685479,8.5059835245908,8.671963701627892,5.450162968791751,6.390469262021388,4.174932890741593,2.6197613883158373,2.0067258525812526,1.3590083196432239,22.249984342949528,0.5402086974356727
2025-02-18,16.197499606494407,12.544963161714662,9.41211658845974,8.384891729929842,8.65962944669539,5.472753084436964,6.397233451295622,4.221280754241409,2.6294026685479253,2.0151443635460344,1.3708571803387735,22.15474026765531,0.5394876966439213
2025-02-19,16.171666468852933,12.520267965970925,9.380490313468398,8.355965768886167,8.753274689057914,5.450493779153012,6.4432173535027895,4.241552665696723,2.6302679586274573,1.9828032018678048,1.3753574904013959,22.155553477592033,0.5390888669224635
2025-02-20,16.179961544761557,12.366591045897342,9.317926638659877,8.325382708994622,8.821891114595866,5.427130875806186,6.42254424535947,4.294086009099572,2.6593867135137312,1.9784996331551747,1.3829049051026778,22.282301400893807,0.5413931641601364
2025-02-21,15.968476252104601,12.307885889558893,9.171300088725552,8.277021513908904,8.86335773741205,5.349176939760615,6.566963937644194,4.253035453922354,2.6731727571045587,1.9909441821846592,1.4021715053486623,22.628258534922434,0.5482352074025256
2025-02-24,15.812951536074307,12.337764963570029,9.112491261576478,8.258602024054147,8.944444944507522,5.3319336899867915,6.595488267234353,4.25394170814207,2.690930819120489,1.9927738190719337,1.4010173433186304,22.717981543552575,0.5496780797906745
2025-02-25,15.628089136862453,12.304910907341235,9.057487903298272,8.16057163051781,9.016592683243397,5.37260048151069,6.708303948334736,4.1975216891968135,2.7299165657394626,2.0034666607615472,1.400061947872734,22.869773323831325,0.5507031214895396
2025-02-26,15.710811768905831,12.327737872649017,9.033764152501139,8.187919253062494,8.978736175068692,5.385875342759125,6.59576929994514,4.180690236121869,2.718673847010807,2.0094021051377764,1.4052232350178968,22.914325896433894,0.5510708153863044
2025-02-27,15.345107017722414,12.486958158451344,8.943642935006316,8.13870927668696,9.009187087728598,5.3943875685220295,6.6525625796689924,4.227654945382409,2.7578513136936866,2.004861468174836,1.3907495193447277,23.092176936474544,0.556151193143129
2025-02-28,15.411016286457807,12.574937526962305,8.982515805304741,8.149903328254725,8.984429164385931,5.403759384383414,6.655797164759597,4.244253166978695,2.747757455392474,2.009284626945856,1.3935979826056482,22.893241873599088,0.5495062339697109
2025-03-03,15.089687397103873,12.560743733912474,8.877860801550012,8.14790473332709,9.116493267971865,5.35590488058576,6.759279287697116,4.139569021238812,2.7983013424396264,1.9793307698415679,1.4130126174019815,23.205926394316098,0.5559857526137169
2025-03-04,15.23899407587319,12.25040994901509,8.844028943298571,8.165508087556779,9.133802137391681,5.32561700034651,6.724277435313228,4.147226575994971,2.7991544209930135,1.9803668695520065,1.4060321287180404,23.422696924431722,0.5618854515152049
2025-03-05,15.324750598687373,12.243797751775459,8.922736655921572,8.22618565349768,9.16562101562739,5.37369588355307,6.699497474166345,4.058334300487673,2.806662886120393,2.0467399130915833,1.3844001488647701,23.18997637998387,0.5576013382228163
2025-03-06,15.12491534712963,12.19178052727075,8.765121950577,8.12112060530015,9.188040198017378,5.396368187593401,6.788568076330287,4.1246144626541446,2.783052549417609,2.043078751256453,1.3787368408772196,23.528547621329132,0.5660548822468505
2025-03-07,15.260617771791981,12.094208456633776,8.711955921271064,8.108543607787851,9.180092385288193,5.449244405907253,6.7841409274572815,4.182540639065244,2.799276613652788,2.0246259670643143,1.3985796921647082,23.44181366626209,0.564359945653434
2025-03-10,14.844986154500534,11.94557400934358,8.566489249350523,7.990224490217085,9.234129500506914,5.454768099273224,6.877704234017249,4.262944435373276,2.8284445008005976,2.0326500388701185,1.439860954863589,23.947581295225355,0.5746430376579433
2025-03-11,14.883612054632547,11.961088459229417,8.541386653444997,8.001546059244017,9.191503080121635,5.424901681339707,6.826675943826804,4.2701115823414195,2.8072645970751213,2.0310359756098,1.4373095754223288,24.045284580567817,0.578279757144392
2025-03-12,15.031705996747663,12.002903015404312,8.607714316589645,8.082413909868185,9.111473053345568,5.40336892901186,6.684141536764308,4.286038511349517,2.7907982873809822,2.030483156859393,1.4285214923905163,23.963097962132206,0.5773398321558297
2025-03-13,14.902851960716342,12.015174552983268,8.44487430930122,7.959878248859269,9.156557748977399,5.401283937396699,6.7102627075775025,4.2987542418999745,2.772723154450309,2.0425980570039677,1.4494736043168013,24.262078350211027,0.583489126306214
2025-03-14,15.11212123089107,12.132794548722472,8.498028305118112,7.999299946527582,9.109700427797396,5.4256177269566725,6.634265155472828,4.351882922432546,2.7741940483615073,2.0687541735021098,1.4547208764975812,23.8639237338531,0.5746969038670096
2025-03-17,15.081837424369285,12.188361006938209,8.459741316755679,8.00198171581905,9.14200935838992,5.457757426243919,6.682835812295932,4.395584753859383,2.7965360007516975,2.0678136315908424,1.4505776163991368,23.704683905096623,0.5702800314903242
2025-03-18,14.974179115018066,12.2467915842383,8.357320416241379,7.908547064332626,9.21138572929587,5.443521886982781,6.6437853009684025,4.429695291795974,2.803227154987202,2.079127139330759,1.4504557795527027,23.878014435744223,0.5739491015116999
2025-03-19,15.052363478462363,12.306292755794635,8.433533476424296,7.947904454681735,9.138575418133529,5.46751779261869,6.5902238013067205,4.472261163411493,2.7795330595224925,2.0703610597677344,1.4407041001301957,23.731699077769132,0.5690303619769715
2025-03-20,14.98348719750085,12.35117454920813,8.447586769700145,7.93728806283349,9.138740586407746,5.443795248575985,6.5744437966197165,4.498295481433378,2.780378678724623,2.0565398654016147,1.449054103203475,23.769355292046953,0.5698603683438972
2025-03-21,15.051196179896515,12.325946303966814,8.513827297815544,8.010088682669576,9.108921940811154,5.4110333725264885,6.5591952616772735,4.4650695544887276,2.7473870020977014,2.0368660678957684,1.438749156699117,23.7616916144087,0.5700275650466243
2025-03-24,15.128536261855482,12.42920913430228,8.713850336764493,8.059787425819122,9.057463567474693,5.463190916356724,6.515188224364446,4.467872512707963,2.747130927570941,2.0476305808830078,1.4208774400342608,23.38639231165888,0.5628703602076944
2025-03-25,15.209635215150023,12.472165611125755,8.753874859134429,8.15851449586749,8.901164537391349,5.462691666767521,6.460230372961795,4.468441270356353,2.7142467455677166,2.0503105916096667,1.3981715827940646,23.388061660412696,0.5624913908611425
2025-03-26,14.964855337278005,12.483981243982672,8.67589564850504,8.092218544691185,8.91089050685551,5.480956800354099,6.5980147244889125,4.4985010669907455,2.7511571194071047,2.0515043123333103,1.4170706426785564,23.508507663966853,0.566446388467993
2025-03-27,14.841072870389707,12.47223210474549,8.688611569639217,8.066595369921782,8.939978715309344,5.472210621524611,6.6866507828486075,4.4659724289165865,2.7538792624211683,2.0626426345750395,1.4209807265945051,23.561303534845525,0.5678693782684142
2025-03-28,14.665293585501052,12.37641283928732,8.526901083242754,7.9047877871897505,9.023444142355377,5.422156668572152,6.741411150850807,4.493148940129395,2.790083116510101,2.0570967711777355,1.4513075199926146,23.972652821167845,0.5753035740231036
2025-03-31,14.595303056279102,12.447519481608865,8.471387728658767,7.883181292027959,9.058025861307177,5.421208796878652,6.812639527849128,4.5106479769916445,2.8092276614892135,2.04603219273669,1.4615871197524424,23.9103819346776,0.5728573697427686
2025-04-01,14.676040065029259,12.410085456788098,8.532556289296345,7.912091751553027,8.879909360808153,5.449201544732494,6.815600297146057,4.53195140042046,2.8005634280176763,2.063281062815534,1.4609818339484004,23.89638655767861,0.5713509517658696
2025-04-02,14.704932859828135,12.470558072462696,8.65784755095767,7.874953072470031,8.896077309878223,5.470931392581237,6.761330142675531,4.518319859278321,2.7974396677155133,2.0668590163801897,1.4569480259182555,23.75567520500358,0.5681278248506147
2025-04-03,14.14784297727346,12.101152443935383,8.373476530639405,7.783649132739051,9.094139208964789,5.35194751763717,7.054991131850998,4.336803590246151,2.8073325502603645,2.0933342225810376,1.5064150261490754,24.760011647148524,0.5889040205745988
2025-04-04,13.84907604882438,11.755428321337927,8.369705303822862,7.689759842103181,8.974890737092256,5.265712453329747,7.0697858583865525,4.120414648436539,2.8187052825827976,2.081648869494892,1.492104808266212,25.896461557648454,0.6163062686741994
2025-04-07,13.917950929342446,11.813424388183725,8.376647596235937,7.786770739292684,8.982530080874255,5.257649697441086,7.007951276416195,4.11096271768139,2.752608231041824,2.0761929749553847,1.4785472368152386,25.818797641062485,0.6199664906573358
2025-04-08,13.80365058189555,11.895652011106733,8.297749043848366,7.7974841606238146,8.936333962775334,5.271214983222186,7.002643382917259,4.071193984954767,2.708448059614824,2.0301604884697033,1.4888260870963452,26.068492148297263,0.6281511051778451
2025-04-09,14.716812721615371,12.09652921022972,8.683338092501511,8.019503756262232,8.816774626940372,5.404953168059263,6.837605826642751,4.133577345359077,2.687080347356397,2.050627512325541,1.44770275124949,24.515823355486614,0.5896712859716491
2025-04-10,14.455937018614637,12.003031088294504,8.561712437585008,7.924078761042885,8.73289488256809,5.391899020442606,7.03011620314342,3.9860463667048305,2.7056720783390085,2.0584882793851484,1.4780781812448973,25.066485141392164,0.6055605412427955
2025-04-11,14.598259633296495,12.047186150693792,8.543300301597892,7.891929226927907,8.763048213730599,5.414945014934778,7.039917249023498,4.061154738003907,2.715813706275712,2.0656472061426574,1.4811423356739963,24.77874665247898,0.5989095712197969
2025-04-14,14.586866636367043,12.073132785191644,8.482928470197958,7.848209549427325,8.80253343258349,5.433637043754593,7.087243118678901,4.041240667783872,2.747403867330084,2.1369043781405908,1.4930712455541415,24.67319853645925,0.5936302685310803
2025-04-15,14.652991326698144,12.136810387355332,8.446418658078388,7.8785481883592325,8.7380639369433,5.405006557092113,7.02591946334871,4.036019239831896,2.759705032933313,2.100706454428789,1.4949026518694457,24.73092921955649,0.5939788835048363
2025-04-16,14.322417299593518,12.096278774455643,8.34418910168702,7.7842345123353125,8.75179381211972,5.388906653078779,7.034105153343359,4.119173948221753,2.798833399305317,2.144067654771423,1.5004757494204493,25.11424656395783,0.6012773777098889
2025-04-17,14.218645608494068,12.098068469902646,8.374977115241936,7.79365757045983,8.69080857187082,5.4045480320627854,7.1574132852627645,4.186972322934188,2.8335545418096877,2.1292082325383097,1.5115527495286698,25.00152909645368,0.5990644034406105
2025-04-18,14.218645608494068,12.098068469902646,8.374977115241936,7.79365757045983,8.69080857187082,5.4045480320627854,7.1574132852627645,4.186972322934188,2.8335545418096877,2.1292082325383097,1.5115527495286698,25.00152909645368,0.5990644034406105
2025-04-21,14.083416585012257,12.032698123781193,8.295003349976199,7.786912414346513,8.674252438059307,5.365093380501459,7.20882251220978,4.143210859657184,2.826278220412793,2.0763619443570724,1.5046348418144984,25.393167397419226,0.6101479324525362
2025-04-22,14.169965015442482,12.210642795314557,8.39144894479299,7.861840906608661,8.680381597282032,5.383629224529933,7.1854065943458725,4.160663425663135,2.822053636205775,2.0770287078429717,1.51535433205694,24.942769145267057,0.5988156746476001
2025-04-23,14.430735763318411,12.247817241223844,8.496841931745685,7.935628080285915,8.669216054964837,5.4040422657791725,7.075708804709868,4.105642756400805,2.7900475581351425,2.0586725678014997,1.5033613574693223,24.68971280422115,0.5925728139443381
2025-04-24,14.721663613976077,12.255150288791278,8.577162446122275,7.999628421438268,8.658761973276711,5.45141858920331,6.876719144126198,4.119420274982224,2.7531014208663187,2.0966257982218153,1.480656160763559,24.426333017868032,0.5833588503639522
2025-04-25,14.881239711924831,12.159660039137805,8.664381267253502,8.008250880268758,8.688461155412778,5.42846669254116,6.833234495843062,4.105733004225452,2.7352136877857207,2.0541497509156907,1.4693832989517408,24.390538989971557,0.5812870257679423
2025-04-28,14.831675644899295,12.183187268890032,8.64691195915445,8.0226796318112,8.704809115879412,5.4263013140551015,6.808398012782781,4.131005336271034,2.745459455186502,2.0538518722,1.4761474857547146,24.389770475664474,0.57980242745101
2025-04-29,14.838030568285317,12.219585487615332,8.660863212350986,8.041759333129901,8.728712995559443,5.424808488306248,6.825589923612524,4.093721412208189,2.75019123255864,2.0599583058092388,1.4782815186472336,24.30191865814024,0.5765788637767195
2025-04-30,14.875373670741654,12.202873720011057,8.588744884015496,8.01605696607377,8.793515994429708,5.4551918318351,6.863761288434636,3.999742532711328,2.760068314368712,2.099292944483401,1.4723871412510752,24.296478612412585,0.5765120992314693
2025-05-01,15.103735266990956,12.197216163339489,8.64629296573124,8.092454431227443,8.597110132084799,5.487178330355365,6.783624592004375,4.024122580857404,2.7606378817052373,2.090597274483769,1.4734942179818238,24.167976980643704,0.5755591825943815
2025-05-02,15.103989155390817,12.312368111355745,8.69351063447811,8.178664013584475,8.618178877274998,5.535739621516784,6.755082118724566,4.054924592983982,2.760679292999818,2.1049214186031726,1.4669681872726392,23.84548333483563,0.5694906409792586
2025-05-05,15.040930781539885,12.303776086767769,8.64656939721931,8.199481039419414,8.63310314342264,5.555405131823298,6.777568797369428,3.999147467007294,2.7670925253682053,2.11627907786728,1.4686315611370313,23.92032252090671,0.5716924701517259
2025-05-06,15.014600043194527,12.278931771227711,8.621132085136097,8.219063249355168,8.43554437174683,5.555857451861828,6.797492210582287,4.045425202920551,2.7639507644669883,2.099863149782878,1.4945277395369903,24.098713666616277,0.5748982935718667
2025-05-07,15.076661046430972,12.29721240866106,8.65677986692833,8.158769391176959,8.495326493166486,5.543816960969719,6.787021364520972,4.054002365739304,2.753951872873744,2.072664476222501,1.493712522261228,24.037161617294053,0.5729196137546567
2025-05-08,15.185880622390178,12.411297533025122,8.740010701381488,8.149077867731735,8.407483571555378,5.597177659674362,6.729592653710964,4.077425320349327,2.733869048232656,2.0850858476850247,1.474941883312518,23.837279660015522,0.5708776309357314
2025-05-09,15.188450492899646,12.423721271572013,8.79205123925674,8.136645054676341,8.31278892186296,5.602102458458688,6.690921919079224,4.1291234022695305,2.7555241173420932,2.059354052813891,1.4765119183629805,23.861835546505223,0.5709696049006747
2025-05-12,15.56128949296074,12.498137007190227,9.097192149197513,8.155040283063235,8.358407522971724,5.661208958678087,6.561591150888803,4.131412855198187,2.6997191465590227,2.02483061110432,1.4312564368117355,23.26134030378128,0.5585740815951284
2025-05-13,15.802662506520864,12.528988382057321,9.200802421546056,8.228304560308985,8.112804329325375,5.690146987957522,6.458423995026645,4.17450114225225,2.655167710420743,1.9981437654740455,1.4206487311300684,23.173048287223388,0.5563571807567255
2025-05-14,15.93088759673791,12.518585089521464,9.229900335134715,8.326385048691323,7.943552501875087,5.667570262070725,6.447832068354793,4.175792435114587,2.634073253880965,1.9894889694655087,1.4176085396594973,23.160834825940146,0.5574890735532899
2025-05-15,15.84626985667025,12.51068645454058,9.131831511973013,8.289854070675668,8.004765792096924,5.6915929072884,6.555764038527369,4.144555499859364,2.6700464965577027,2.0128202988045114,1.4423840487316544,23.14479331046725,0.5546357138073085
2025-05-16,15.781519106666156,12.517057050852426,9.163959380378328,8.29223383232657,8.095812913476307,5.721165014214821,6.58880073850878,4.110622682191991,2.687594817978569,2.0197079881647597,1.4540482815495632,23.01601633045062,0.5514618632411354
2025-05-19,15.739722239955617,12.511108152278364,9.136339908393738,8.289690098599548,8.156239199781403,5.735962073373856,6.607012930416442,4.070362827561691,2.6896253278643956,2.021890227209234,1.460749894222739,23.02990719479828,0.5513899255446877
2025-05-20,15.728362382496494,12.47130501246906,9.09593303088873,8.280819001941037,8.198110795805853,5.732699025756944,6.642656054029882,4.061759652269718,2.6810288619195886,2.0097399051458953,1.4687066785777898,23.075832524563594,0.5530470741354101
2025-05-21,15.635520201627942,12.336586462832013,9.032285939262088,8.391913197108112,8.11780598212004,5.7196890799146045,6.6782236648278595,4.060192423446894,2.65456359575104,2.0049204824916167,1.4654823885955757,23.340955008129743,0.5618615738924754
2025-05-22,15.670407274856082,12.334161384641629,9.063467638930527,8.39029794793934,8.077330776917217,5.716939862541383,6.6494480594357,4.05360251633626,2.6426218955065512,2.016521043139196,1.445516547353108,23.377996264190514,0.561688788212488
2025-05-23,15.512664284950016,12.320631453689119,9.011733109050871,8.358975929012995,8.076586259183948,5.71998457325612,6.686205153165435,4.143561391600825,2.651257125690575,2.0097519748771964,1.4656171441410206,23.480007825012255,0.5630237763696281
2025-05-26,15.512664284950016,12.320631453689119,9.011733109050871,8.358975929012995,8.076586259183948,5.71998457325612,6.686205153165435,4.143561391600825,2.651257125690575,2.0097519748771964,1.4656171441410206,23.480007825012255,0.5630237763696281
2025-05-27,15.641608189557749,12.377534426097418,9.124107531257048,8.393613138299417,8.070258877154977,5.75262125184852,6.6498687400189205,4.1353503395272515,2.655595378303232,1.9935080125164504,1.4554631622019552,23.195910325897508,0.554560627319545
2025-05-28,15.65866786765332,12.350778270036955,9.095356013732179,8.417313001065146,8.050415895038416,5.7466556359797565,6.641183217386337,4.112987689726955,2.6678721595594572,1.9847936925668035,1.4405235337825066,23.276100909394042,0.5573521140781408
2025-05-29,15.660321501501903,12.380194826129687,9.043313284339655,8.345167216631456,8.09746332639195,5.736379334441493,6.655465263817057,4.1146706446621195,2.6850987199030047,1.9909617676565243,1.4482143504885474,23.28686385597547,0.555885908061126
2025-05-30,15.612906698973797,12.370396895169106,8.992417936899614,8.390665435652734,8.102074556499664,5.723150757760962,6.711456319833273,4.07748773360312,2.6829220484127654,2.022627337504325,1.4610261434921357,23.29750475743431,0.5553633787641952
2025-06-02,15.717448883371206,12.360116399925191,8.982615321762404,8.442402715911019,8.088325327064181,5.702866988028436,6.6952555449621975,4.104469628498834,2.6808613603590348,1.9936018912336242,1.4617809888390767,23.216055612241618,0.5541993378031801
2025-06-03,15.877150691352659,12.365447672605356,8.980251116638868,8.370598494867941,8.085696713489332,5.735964165310542,6.649444542629575,4.146148873532988,2.6620828723860015,2.022121374608379,1.4573440526328034,23.096122547366495,0.5516268825790457
2025-06-04,15.879393696835919,12.270561425995865,8.963819219764414,8.464525103544858,8.111603737020841,5.734883027236781,6.608225833158272,4.083701480807106,2.6622560546404035,2.0661230048983126,1.432300949192466,23.171735585624322,0.5508708812804433
2025-06-05,15.87233782115277,12.280729559380424,8.859184785895916,8.50189839410256,8.130683740620778,5.755856999114899,6.556204905044891,4.09297797895715,2.6692791815186245,2.0825055628545828,1.4347724631007266,23.21087253403616,0.5526960742204978
2025-06-06,15.912046967031937,12.379678243208401,8.924947529989325,8.549853347159456,8.153320896954193,5.770376670470386,6.532886541188401,4.133403785228864,2.6584312912695585,2.0651984469447564,1.4283265403667138,22.94296867596788,0.548561064220137
2025-06-09,15.919777917183803,12.314555824877079,8.99483631448235,8.515846191289455,8.132978163016153,5.754794076681464,6.510367493476488,4.208057883299278,2.661037719431894,2.094238749807281,1.4194716440463369,22.92644461353575,0.5475934088726792
2025-06-10,15.916571426714018,12.29017387958227,9.03429680055632,8.550886526201664,8.205241341766389,5.700336441652102,6.501950717665348,4.215805331250822,2.67229738105037,2.0856954262381233,1.4183422772004504,22.8630225045285,0.5453799455936181
2025-06-11,15.860956686196095,12.312284812712937,8.96344759364353,8.531503406334313,8.193369134268545,5.724154079444076,6.4836985162028125,4.298120152984846,2.665127850693575,2.045273784247664,1.4225798705024457,22.953261914458405,0.5462221983107441
2025-06-12,15.939366414302295,12.265935971567353,8.906682463697964,8.453094183325963,8.22005578099675,5.697742595846334,6.5023419856595,4.293320605475287,2.671392344011076,2.0999865849531245,1.4346551691826521,22.9705900429403,0.5448358580414052
2025-06-13,15.835552248213919,12.115337303162459,8.884875253371975,8.456068923957327,8.247879173184476,5.692977198031031,6.487926150389718,4.400208059856038,2.671791440703899,2.099973193784098,1.4391116577038958,23.118349305141354,0.5499500924998046
2025-06-16,15.964130034748983,12.172963767199658,8.930042663815406,8.543273157381075,8.17543624959206,5.69684771548926,6.450115859968859,4.389025929989947,2.65057705307384,2.1451473301921995,1.4204368289898919,22.91627230680224,0.5457311027565745
2025-06-17,15.958603415473677,12.152069302230618,8.85020896971629,8.521384006403972,8.083309675650392,5.6739146616300715,6.432587379146612,4.452796690367456,2.6589527790126617,2.1524269838398156,1.4189385313093137,23.095751956093615,0.5490556491255024
2025-06-18,15.991638864932684,12.192092200285527,8.817144321583587,8.507666078522206,8.080445173902913,5.666166005654091,6.41523383968957,4.4290511904094405,2.6646959814168656,2.1706812534204327,1.4217710799940433,23.09470699847142,0.5487070117172371
2025-06-19,15.991638864932684,12.192092200285527,8.817144321583587,8.507666078522206,8.080445173902913,5.666166005654091,6.41523383968957,4.4290511904094405,2.6646959814168656,2.1706812534204327,1.4217710799940433,23.09470699847142,0.5487070117172371
2025-06-20,15.960423979209246,12.244703068417765,8.81320626614894,8.428021920941593,8.060837200130406,5.667629795581942,6.446058749245544,4.44476478731786,2.666551970381766,2.170889534701713,1.425422056991685,23.122480365305403,0.5490103056261237
2025-06-23,16.0060777372485,12.289710499161282,8.87522114904963,8.467701221278208,8.019845260225477,5.704669619783856,6.478020483941055,4.329993987256589,2.6877279764676616,2.1663897176121507,1.4328197578330175,22.99703609964928,0.5447864904932969
2025-06-24,16.09347321926388,12.37121472326132,8.914475894099372,8.51832157908315,8.054700588669132,5.719696661119994,6.421340398718275,4.281020487976646,2.67063305968701,2.138324903093097,1.4245553543781946,22.852540080993567,0.5397030496563828
2025-06-25,16.27208508461364,12.372901845870638,8.843925006320699,8.530101817209452,8.082858581333955,5.684975583800339,6.353417458739609,4.261338965264306,2.614599135991666,2.123917696470729,1.4092392270274252,22.909629895826598,0.5410097015309383
2025-06-26,16.265233481013443,12.404180848205812,8.906019057329702,8.602008166704902,8.0253924342908,5.721045121633079,6.297112489835096,4.312570212434319,2.5905415494033592,2.1280277011946422,1.4093862676136617,22.80147830110226,0.5370043692389082
2025-06-27,16.20921595985384,12.41027329030709,8.994617122890498,8.689964290757365,7.999396820530624,5.764884439728285,6.327867870107758,4.270524876829195,2.5911158760914588,2.093085541008418,1.4093035177071496,22.704164658374072,0.5355857358142496
2025-06-30,16.312116816096044,12.450103600008775,8.89586634051305,8.710187171213384,8.006442742214082,5.766832172809041,6.320427176631823,4.24508584814599,2.5950426484602653,2.0886072588825426,1.4084268621724712,22.66779775947637,0.5330636033761496
2025-07-01,16.135811397701683,12.536448499850616,8.91984228687028,8.597666753221738,8.10616543360729,5.778818567696409,6.3881944135298445,4.240493948667964,2.6156576531446203,2.097550598608085,1.4116820254964113,22.639033679827342,0.5326347417777196
2025-07-02,16.28568864252827,12.538722278885345,8.943730401508063,8.563223979760238,8.040817523510391,5.769354533686812,6.372666670175686,4.290508123941564,2.61522614692404,2.109331373521918,1.3956313350317437,22.544085183766136,0.5310138067597735
2025-07-03,16.42469233787766,12.594658056065036,8.969746238048874,8.575197713363563,8.005658191360482,5.782717791952196,6.345072915421578,4.292667926979377,2.6017340882084103,2.0928021484441093,1.3984631962759524,22.388341164304514,0.5282482316982451
2025-07-04,16.42469233787766,12.594658056065036,8.969746238048874,8.575197713363563,8.005658191360482,5.782717791952196,6.345072915421578,4.292667926979377,2.6017340882084103,2.0928021484441093,1.3984631962759524,22.388341164304514,0.5282482316982451
2025-07-07,16.382124607774085,12.54996178887448,8.960317285839576,8.569203586728785,7.983339172289828,5.785938466706242,6.379839370468178,4.301435987733964,2.5952263262821744,2.0792981119690706,1.4087884721859714,22.472928074079707,0.5315987490679533
2025-07-08,16.472977038148883,12.466809842429637,8.938293634485992,8.547146965940708,8.021305090599611,5.7898747365322425,6.3219134550337674,4.36352089190547,2.5968342161666556,2.0847410212702435,1.3963000203712475,22.468200855425525,0.5320822316900257
2025-07-09,16.54470418150928,12.456051421537117,8.95222620125075,8.567011157307295,8.044234583531265,5.813364892606125,6.26452680647925,4.317218885175862,2.5848844910320325,2.0755155978373367,1.4030223909308799,22.44733316189972,0.5299062289030766
2025-07-10,16.39339036568095,12.493083218672831,8.98503215390947,8.486254882495391,8.068825197962443,5.825924045773429,6.263631373261635,4.3231941397591696,2.5921080929655735,2.2745907026748067,1.407906265906109,22.358094457982986,0.5279651029551984
2025-07-11,16.35704171266147,12.4283625303955,9.018013831881294,8.48091843125314,8.017220360155438,5.830986668504458,6.26941476828297,4.388963655285528,2.605158811808295,2.2698521762179924,1.4119484027612368,22.391796285458963,0.5303223653337258
2025-07-14,16.308494978702715,12.489920099037775,9.020666658227576,8.535874018103643,7.998815756247045,5.843497911833975,6.248988082806912,4.3596725098646445,2.619222980219093,2.307243545949482,1.4150196595225786,22.323767598796888,0.5288162006876679
2025-07-15,16.54233431474579,12.323711154571303,8.951040498526618,8.526812357027055,7.909119802934729,5.830886039136457,6.230028046792959,4.3378402536378795,2.593746765309405,2.4151641930549657,1.4092583429325045,22.398051708304866,0.532006523025468
2025-07-16,16.55133719783263,12.393916875311001,8.903495033313211,8.49580285678223,7.963042621467115,5.852454680191426,6.22830340243276,4.294394015804057,2.610015727024907,2.409953910375127,1.406018193689466,22.36121125538392,0.5300542303921497
2025-07-17,16.617583182484164,12.475553466688428,8.892186991179122,8.493049339830637,7.864710746560023,5.905840314457693,6.277296621230853,4.313991995976125,2.5808038547647234,2.428155700086378,1.4022460766357454,22.221574406056824,0.5270073040492784
2025-07-18,16.61314060658505,12.461748187877202,8.954177306574794,8.44032233152687,7.805926259311017,5.8838142612827005,6.252368252262536,4.30804517627306,2.587842451550537,2.4786181907077354,1.4264131830853988,22.260537623363792,0.527046169599321
2025-07-21,16.649165154499727,12.397146279927117,8.99913314658221,8.556954023136894,7.755160267238,5.846507884329095,6.248908385027865,4.248672171241421,2.5985925081155377,2.427049557908752,1.4308532389438051,22.31494981863711,0.5269075644124792
2025-07-22,16.43745116631212,12.411794592979405,9.041958545453886,8.483983458594816,7.943128208165138,5.83757368577501,6.266509801700085,4.260035078731331,2.6355031563510836,2.443018678099138,1.4418735823025497,22.27230506859578,0.5248649769396403
2025-07-23,16.45277241500832,12.427631038921264,9.016182104725967,8.46251110265631,8.059575837822166,5.910369550498689,6.229305018813217,4.336482528679009,2.622461846209739,2.445766800091415,1.4225097667318514,22.092968721274318,0.5214632685677332
2025-07-24,16.520825864876223,12.400733568107727,8.941096823705976,8.497182211326471,8.04386714867392,5.916003759677576,6.206361165158664,4.3713750174966854,2.612845489807193,2.452686286580006,1.4221293479431352,22.092877189164504,0.5220161274819265
2025-07-25,16.516375037411354,12.443703828221453,8.970545163669993,8.430353822843987,8.066532147623452,5.9625940251343055,6.195164173277287,4.342563651077219,2.6057651745310233,2.464490229108727,1.42125038544188,22.06016440557509,0.5204979560842248
2025-07-28,16.662581859195242,12.395379490478035,9.025609334717416,8.423026073747709,8.013908199745178,5.94010813076613,6.142541485752034,4.383306474781853,2.554076926258836,2.4718854106632415,1.4085440287710813,22.05776529028193,0.5212672948413251
2025-07-29,16.649211252943008,12.37440473129549,8.948683178190208,8.380418267788563,7.985549826537709,5.84695822456408,6.207373210792841,4.419192351403413,2.5892150254316153,2.438876221577488,1.4288170358791186,22.20820963761706,0.5230910359793997
2025-07-30,16.704249088166222,12.380098192534865,8.92470328235452,8.442832919548785,7.994835718174634,5.828970578896782,6.146555258552932,4.378595477678206,2.560015277748663,2.435854144368406,1.4445756231709603,22.23368654637946,0.5250278924255622
2025-07-31,16.649662972004755,12.34902997331194,8.930576117561106,8.64357651424303,7.826295433783582,5.856781079256543,6.111082899923899,4.344349085278555,2.534552374216487,2.4458907666565493,1.4595614739610987,22.321562816210626,0.5270784935918351
2025-08-01,16.448132358899727,12.208529943834106,8.752338921101947,8.579229031417627,7.893878954619238,5.825278567229052,6.194432435640872,4.294273017841222,2.557461987045559,2.5081301769753073,1.476401606451281,22.72932012486459,0.5325928740794632
2025-08-04,16.60316621914656,12.23038076661659,8.737623434963309,8.678765775797986,7.907353812305147,5.817023163178787,6.147717082529128,4.271245807495696,2.555205140982307,2.5328989235660475,1.4854096784185684,22.506480462883964,0.5267297321159052
2025-08-05,16.490213334691088,12.227167775458511,8.804121914465872,8.609748098041889,7.917506091823882,5.826316578444593,6.1368930413467915,4.266106200563172,2.572850476860182,2.590524469835042,1.4748658833275954,22.555792435374553,0.527893699766831
2025-08-06,16.66957732583363,12.216410969164135,8.946907394339165,8.654197778662216,7.757265988243453,5.785293580938369,6.193287097266948,4.2409941620510425,2.5259531217839153,2.562342710846444,1.4587728071589723,22.463280323107444,0.5257167406042528
2025-08-07,16.734221553293573,12.087415688848896,8.965723727580453,8.61131307133658,7.721424238860922,5.770054681610171,6.247888849804989,4.229244215381957,2.5391888505604587,2.61576366686459,1.474130500959822,22.477363129134815,0.5262678257627723
2025-08-08,16.83757280253228,12.15056134961593,8.902222410430813,8.624453838548607,7.743408969819364,5.762944790895697,6.234636512051816,4.231306987391852,2.5118621288941267,2.6629147216821605,1.4620606157158194,22.35196165120943,0.5240932212121259
2025-08-11,16.772873363884436,12.162295722262053,8.92248693778765,8.658301644780323,7.755143393392638,5.752104439728918,6.2526803497385615,4.215728678364969,2.4909461635686565,2.641917734019907,1.4606294008347585,22.39000564585992,0.5248865257772259
2025-08-12,16.882467663057763,12.240606461533062,8.942306747432308,8.724279521956051,7.744919041342614,5.755673148393062,6.208337157436323,4.19841507400185,2.4843292732612894,2.6695969815915492,1.4515563462211822,22.1777726056339,0.5197399781390316
2025-08-13,16.829261449683585,12.231800809487014,9.027906283302576,8.682842531557231,7.834874834767948,5.7471336110344025,6.178605862003899,4.184547996602796,2.494829081426237,2.6880860271349136,1.448526553945001,22.134492447210256,0.5170925118441475
2025-08-14,16.78632861050458,12.300088800432494,9.052498872487012,8.723210199973193,7.868305310789609,5.705204260548984,6.131529736627546,4.186984535436338,2.4834934751407314,2.697643210163615,1.4399025081399501,22.10707229351159,0.5177381862443647
2025-08-15,16.71886229231463,12.18787340399351,9.062945919264525,8.770494459410484,7.992844311673999,5.661925758567283,6.156701525276352,4.184099641624382,2.5091857739506707,2.6803825322522687,1.4373116606670124,22.118860335962825,0.5185123850420745
2025-08-18,16.75574516519986,12.207629960494302,9.100494364074194,8.729935876588574,7.986183725847291,5.694824839671713,6.156653078697365,4.181559080891193,2.4941888399661543,2.6326714610334823,1.4305850911409144,22.11082397083756,0.5187045455573938
2025-08-19,16.51793737851996,12.22242520082321,9.111814835304276,8.646338413906436,8.055216665163016,5.723267372963184,6.238972278790538,4.157968559777263,2.5510996912379436,2.6167958984526747,1.4485402853183018,22.189766060439727,0.5198573593034718
2025-08-20,16.42651426835723,12.283235476005803,9.015932899678145,8.624114921846633,8.106883080262293,5.728715387818474,6.290134802063077,4.154153697205614,2.56166299532877,2.596653698389732,1.4527726312974243,22.23843232428047,0.5207938174663475
2025-08-21,16.427948767650836,12.282042575779126,9.00937493395336,8.622714163297081,8.092274170971733,5.717347846866059,6.252299800906553,4.20485325515538,2.559086758861034,2.606297702123298,1.4483438035485385,22.255015462153498,0.5224007587334822
2025-08-22,16.460267471112786,12.364745784847258,9.163777095984523,8.620126135196248,8.07677840026838,5.757741267762277,6.159780378192988,4.250571048791015,2.574198042100304,2.5882191292404038,1.4352126278826831,22.03381021081298,0.5147724078081389
2025-08-25,16.48635089642233,12.360273187125705,9.153335766128269,8.690924232092968,7.990142093149191,5.720271746198277,6.086620966824552,4.272442410105926,2.568721398354067,2.641977655973129,1.4254220670758802,22.08663366255654,0.5168839179931786
2025-08-26,16.52260700084159,12.416487989168676,9.159371241316023,8.66734279162375,8.012615632249574,5.758303705960453,6.041433087633997,4.270530518724054,2.554684879660184,2.6080399830809124,1.4239389885463052,22.04930936309441,0.5153348181000766
2025-08-27,16.597930407700765,12.408240727642768,9.151436833508034,8.642408947042739,7.987736186406859,5.7624516341115335,6.040428979173473,4.282810213116681,2.562457137306317,2.623464522459418,1.4226481812334817,22.00406824190745,0.5139179883905038
2025-08-28,16.72394685287645,12.391628181512184,9.14112601430362,8.673471878156578,7.932147313396945,5.726695814768817,5.990229479970846,4.335690360835659,2.549131673575372,2.6416271304199177,1.408400214444168,21.973443451508846,0.5124616342306069
2025-08-29,16.543032275172393,12.456129022703132,9.07331261192946,8.67028383172574,8.012008842890252,5.682740652971567,6.053162091598007,4.353169003624037,2.5760723520833673,2.617616512832929,1.4077698207796454,22.04035636566655,0.5143466160229242
2025-09-01,16.543032275172393,12.456129022703132,9.07331261192946,8.67028383172574,8.012008842890252,5.682740652971567,6.053162091598007,4.353169003624037,2.5760723520833673,2.617616512832929,1.4077698207796454,22.04035636566655,0.5143466160229242
2025-09-02,16.48325080375291,12.434819792574771,9.033041609383533,8.705651585075607,8.059091658805364,5.657584932686419,6.100193942789408,4.357418695797869,2.5470291190314573,2.573794786625168,1.4110553968967865,22.119706265476566,0.5173614111041435
2025-09-03,16.57244839955998,12.383144959443523,9.033892110890829,8.853896568695793,8.0146817411184,5.614817646503791,6.080120841241589,4.301099859131725,2.5427588458434935,2.5416154308804675,1.405993473448625,22.1390347081401,0.5164954151016741
2025-09-04,16.566137991209168,12.439271445106007,9.140508873274932,8.879927450157572,7.994131856727672,5.645171200817291,6.034749412575866,4.293797242732307,2.546288109119124,2.5138919304305607,1.393796290043543,22.039435169795144,0.5128930280108096
2025-09-05,16.629921379742985,12.239303292435979,9.134725423119953,8.911134630477608,8.030059338437532,5.6530992446778185,6.055461533192097,4.220877165710938,2.5799983107181146,2.5106414497305045,1.390517912559035,22.13141924895644,0.5128410702409851
2025-09-08,16.731578027632377,12.232048747932572,9.192554846911317,8.88839596574614,8.000311685688882,5.640017777436628,6.015128029339238,4.214687810742549,2.563522252792023,2.514953215635476,1.3732432547700375,22.12195580044946,0.5116025849233181
2025-09-09,16.701411468459106,12.275060462452858,9.181884592306167,8.969745778964185,8.0345846888785,5.582788240861012,6.034171588515011,4.226541914620204,2.5482757272318928,2.4870233797569106,1.3810741971292573,22.066309321809367,0.5111286390155345
2025-09-10,16.91280011180345,12.245096233735033,9.05938907673165,8.8856058283615,7.9365189483869125,5.612137569305861,5.98222477258805,4.317478688064695,2.5451236172442675,2.479503330747673,1.402393934745985,22.110307598958244,0.5114202893266749
2025-09-11,16.847766365898366,12.333668124550542,9.126901128022661,8.834687846857763,8.01427018637005,5.639052885808028,5.978666399993383,4.28535600520137,2.5683124390947647,2.5071768784550716,1.3989034062745638,21.95811998237729,0.5071183510961506
2025-09-12,16.923577939011242,12.31834515928854,9.17474178072529,8.864300681782346,7.925513010012229,5.607082742745042,5.97058630305161,4.255332578825632,2.5692360206666787,2.4945016129361073,1.4081281783631672,21.980388437997753,0.508265554594379
2025-09-15,17.031316414675317,12.262917293058974,9.22114903978485,8.965538054568075,7.817580265690329,5.610694699451997,5.886359089730628,4.3108739726548135,2.5532234167595136,2.504538392379347,1.406747874548535,21.92289128274822,0.5061702039494111
2025-09-16,16.98179063236903,12.240389631489917,9.27803558919776,8.975211304602567,7.822322798279467,5.61138759477406,5.909894102988722,4.305214350769214,2.5494323806685375,2.491804150809964,1.382542808312328,21.94566150157505,0.5063131541633921
2025-09-17,16.901573227862656,12.346213547176749,9.20752704459183,8.999006457486672,7.8308205936593325,5.599789019657716,5.955100800667936,4.318087306767524,2.54362924707776,2.506330816906156,1.386285421046084,21.89970634103408,0.5059301760655155
2025-09-18,17.075261999710225,12.364688787244075,9.164578280357276,8.96393372786606,7.842258204526961,5.656902668215791,5.875798594751911,4.307951374582548,2.5421216901614514,2.570041977301037,1.3814033910651071,21.751404517781374,0.5036547864361858
2025-09-19,17.228177266273864,12.344382563456707,9.174484092324054,8.974845166426258,7.801190943546599,5.639160756623631,5.849588120956555,4.289880691199379,2.5186681767702783,2.5779050197398545,1.390153322149208,21.708867426247497,0.5026964542861128
2025-09-22,17.480952838002185,12.29429319692746,9.113072883609794,8.916822109362501,7.796496768497642,5.661634583717203,5.7912031798616646,4.2881620705725165,2.514720960050446,2.575223249385027,1.3998524028637902,21.665513866847082,0.5020518903026672
2025-09-23,17.344260737328803,12.267176862909476,9.016691919003826,8.894950148424481,7.819272412385585,5.6556495205439345,5.824313694097689,4.367518700690936,2.5381268458578923,2.5969324279113892,1.4117418801567492,21.76003608201497,0.503328768674269
2025-09-24,17.292213923074424,12.23758784556937,9.088592685525978,8.87000274737519,7.804957833043452,5.646144571074898,5.853448052651563,4.3928996178411746,2.526549192013236,2.544540866707444,1.4259741056728532,21.811656223600576,0.5054323358498192
2025-09-25,17.336838335751015,12.241714030094755,9.007323643785588,8.859817860220893,7.708771481461883,5.632186591257947,5.826651913943898,4.461056314855946,2.5255816193793508,2.6243011608280153,1.4176713707706228,21.850707859658527,0.5073778179915858
2025-09-26,17.305898547785432,12.269907588146927,9.084997294943955,8.854860021603091,7.761069449604675,5.659669551094272,5.814275426507559,4.473832528300135,2.5350272998377053,2.5215079393640636,1.4318377709931536,21.781543357521574,0.5055732242974601
2025-09-29,17.350685703540424,12.284004712785949,9.095801379599655,8.839993630007806,7.771358592842444,5.6798519861244365,5.807785265800951,4.394761975014683,2.5341311402330726,2.5208261821762212,1.4333821728183924,21.782872598805213,0.5045446602507606
2025-09-30,17.412902348187036,12.171855257911881,9.013983202678489,8.7880310320559,7.95211708616977,5.740654429102519,5.818771038957428,4.340001135382894,2.5402512200083565,2.517729543630083,1.43652684574174,21.763046031849377,0.504130828324502
2025-10-01,17.511486616008078,12.029564064459853,9.019968581647872,8.65414501514368,8.165753782671523,5.734645447199315,5.809817408371985,4.32670479444053,2.5434524036068895,2.494786322244677,1.4427393033659013,21.76386551783133,0.5030707430083716
2025-10-02,17.621670531064545,12.01143816843734,8.971010168445614,8.661383279497132,8.154201463689766,5.739959673602355,5.768880752570118,4.299481528966644,2.5299233032607815,2.5461252760898176,1.4400028279516497,21.75334496102016,0.5025780654040741
2025-10-03,17.559867015430854,12.090497549783132,8.898687784045583,8.606030447305237,8.22899839137846,5.758871310058026,5.776592873003512,4.316874215676244,2.5362869329060347,2.553630010599205,1.4546043770825083,21.71692662040525,0.5021324723259428
2025-10-06,17.67737271221851,12.069940919171108,8.906746304684333,8.645956308866053,8.173978906133595,5.76722430452507,5.720191872596877,4.341221542382849,2.497518454895603,2.5792458108508396,1.4670360911682805,21.652023159476258,0.5015436130306212
2025-10-07,17.5890047962786,12.110631908403024,8.788105297304744,8.638858068614843,8.191174320183636,5.745747681054994,5.79102228659939,4.366094978611003,2.4887820121777158,2.5728836976811404,1.477776330259761,21.736843245469302,0.5030753773618513
2025-10-08,17.82837257793919,12.006198437494515,8.837697543872423,8.631719631133647,8.195555433601873,5.793432989333848,5.734595910219371,4.332370729151623,2.4573215316346593,2.5328058689076296,1.482961531545787,21.66546109294341,0.5015067222220485
2025-10-09,17.839211074148583,11.99294882980035,8.819781137022266,8.667199123104833,8.212273666096864,5.710695372658569,5.7796696564565595,4.302581855986776,2.4467618381974128,2.539579021555481,1.4830192164554283,21.703442294530852,0.5028369139860389
2025-10-10,17.420903088163627,11.879778081156024,8.718885107978117,8.624517844507263,8.216231041512312,5.693713257329313,5.899616261184586,4.27258876586433,2.459876291172889,2.6469472589446266,1.504002534158545,22.151364398299506,0.5115760697288654
2025-10-13,17.639415581086777,11.86785750093495,8.801377222481195,8.621182677971817,8.121216914761877,5.683855972417572,5.795310593745653,4.313552834160421,2.437775384050688,2.8359091404623564,1.495219749237179,21.882730041243022,0.5045963874465049
2025-10-14,17.348076707604857,12.017343013141751,8.785893400047959,8.625802862992318,8.12214588050574,5.739837521784971,5.866187690161398,4.299447219178587,2.4593314901855448,2.891706019623296,1.503598284242827,21.837746687834557,0.5028832226961903
2025-10-15,17.468856544291942,11.996322037506909,8.772527397346625,8.6823065143532,8.126132398007705,5.726023237625837,5.854761102346111,4.290912008358138,2.5049280936826914,2.7548111583889834,1.5191081926060335,21.80124143152405,0.5020698839617662
2025-10-16,17.552473020507218,11.714122319639088,8.729876354565354,8.667500859177402,8.187079917815828,5.751265202065308,5.881121656684557,4.263318111507163,2.511540687083222,2.6783280676477683,1.515137511930695,22.04217676245191,0.5060595289244793
2025-10-17,17.563384349796753,11.795870179958854,8.74949401718447,8.688968971811507,8.207737006642184,5.710527202276779,5.935759635041351,4.227013742968659,2.522682205014571,2.632942385732886,1.5071801087665553,21.953854377802397,0.5045858170030249
2025-10-20,17.650107808377935,11.841849280023494,8.72898663680098,8.743654702543182,8.247906415528009,5.76007281345777,5.876903834381967,4.215832060602562,2.5327835145684374,2.6414636585274325,1.493687201602247,21.76700881667951,0.4997432569064572
2025-10-21,17.64616995315495,11.852241560022293,8.820935630484787,8.730668939122593,8.274762967352116,5.778275143815102,5.874993125654519,4.18577373087042,2.5243411282158927,2.5368217841802743,1.4777776159887546,21.79718685825243,0.500051562885867
2025-10-22,17.545877843004696,11.858153515227214,8.788862449471942,8.615833487004119,8.35793859612287,5.700140296871331,5.933429452831898,4.256696161691933,2.549260921551894,2.483465861420958,1.4815313746469092,21.92586099224815,0.5029490479060842
2025-10-23,17.702605630755876,11.839507626448743,8.820638980880751,8.570955372550323,8.33497649328617,5.7444265681909,5.880369217319428,4.316174776182731,2.5356499506091463,2.459108576747741,1.4753947874949032,21.81877225268419,0.5014197668491026
2025-10-24,17.854124652083755,11.905340458835925,8.730972785035265,8.55388018216435,8.28187226965667,5.916031693573749,5.822428792160608,4.2651319224707205,2.5265189225649483,2.4707647175211407,1.4826917652313083,21.69218054026833,0.49806129843324964
2025-10-27,18.06619636285532,11.876347202228477,8.776145023316847,8.6316239919992,8.254471520876098,5.924145156374768,5.788121698235426,4.227109671801617,2.518166937443977,2.3879718943273396,1.4770134073838581,21.57777245807161,0.4949146750854653
2025-10-28,18.249874308523342,11.803615458703641,8.769877010688875,8.6010020829902,8.184533487242051,5.908889819578488,5.73542446956163,4.414563398434729,2.4119562724327417,2.3936311907490846,1.452731808290022,21.579212216892465,0.4946884759127212
2025-10-29,18.432997079891468,11.664965440639246,8.728253237658553,8.646168961371533,8.138346526403947,6.0724179985334255,5.630700370464467,4.438995486528736,2.3539464931736376,2.3741486908115066,1.4564454318704543,21.56613326638696,0.4964810162660698
2025-10-30,18.343878140246893,11.748490552821194,8.647754043050151,8.477840457519187,8.198111994069828,6.072094606914457,5.666043862932252,4.438132900626516,2.3675249478017184,2.3856546979212134,1.4602349061380113,21.69420997702057,0.500028912938005
2025-10-31,18.326224364366038,11.765397040806741,8.851993376300069,8.480891904650564,8.146519673196211,6.082022969499531,5.628929133695633,4.413719571429523,2.3743698918917877,2.3412364149969345,1.4473247169444183,21.642523765353904,0.4988471768686293
2025-11-03,18.40005851905543,11.76463189747006,8.96089145521472,8.414188396415067,8.130934282420599,6.0584523415852995,5.608974239195675,4.406946751587887,2.3663506886709675,2.2687065650811293,1.451621951996664,21.668284832574333,0.49995807873215475
2025-11-04,18.16010119265744,11.909431682732441,8.852394560607605,8.389997652346189,8.220136355384676,6.0410423205714485,5.646887110464832,4.35592679200042,2.371961150074513,2.2620316587943994,1.4567445859212527,21.829846262249102,0.5034986761956831
